Date,Time,Target,Status
2025-01-07 01:14:52,192.168.2.1111,Failed
2025-01-07 01:18:58,192.168.2.11,Success
2025-01-07 01:19:37,google.com,Success
2025-01-07 01:19:47,google.com,Success
2025-01-07 01:20:56,google.com,Success
2025-01-07 01:21:06,google.com,Success
2025-01-07 01:21:16,google.com,Success
2025-01-07 01:21:26,google.com,Success
2025-01-07 01:27:20,192.168.0.184,Success
2025-01-07 01:27:30,192.168.0.184,Success
2025-01-07 01:27:40,192.168.0.184,Success
2025-01-07 01:27:50,192.168.0.184,Success
2025-01-07 01:28:00,192.168.0.184,Success
2025-01-07 01:28:10,192.168.0.184,Success
2025-01-07 01:28:20,192.168.0.184,Success
2025-01-07 01:28:30,192.168.0.184,Success
2025-01-07 01:28:40,192.168.0.184,Success
2025-01-07 01:28:50,192.168.0.184,Success
2025-01-07 01:29:00,192.168.0.184,Success
2025-01-07 01:29:10,192.168.0.184,Success
2025-01-07 01:29:20,192.168.0.184,Success
2025-01-07 01:29:30,192.168.0.184,Success
2025-01-07 01:29:40,192.168.0.184,Success
2025-01-07 01:29:50,192.168.0.184,Success
2025-01-07 01:30:00,192.168.0.184,Success
2025-01-07 01:30:10,192.168.0.184,Success
2025-01-07 01:30:20,192.168.0.184,Success
2025-01-07 01:30:30,192.168.0.184,Success
2025-01-07 01:30:40,192.168.0.184,Success
2025-01-07 01:30:50,192.168.0.184,Success
2025-01-07 01:31:00,192.168.0.184,Success
2025-01-07 01:31:10,192.168.0.184,Success
2025-01-07 01:31:20,192.168.0.184,Success
2025-01-07 01:31:30,192.168.0.184,Success
2025-01-07 01:31:40,192.168.0.184,Success
2025-01-07 01:31:50,192.168.0.184,Success
2025-01-07 01:32:00,192.168.0.184,Success
2025-01-07 01:32:10,192.168.0.184,Success
2025-01-07 01:32:20,192.168.0.184,Success
2025-01-07 01:32:30,192.168.0.184,Success
2025-01-07 01:32:40,192.168.0.184,Success
2025-01-07 01:32:50,192.168.0.184,Success
2025-01-07 01:33:00,192.168.0.184,Success
2025-01-07 01:33:10,192.168.0.184,Success
2025-01-07 01:33:20,192.168.0.184,Success
2025-01-07 01:33:30,192.168.0.184,Success
2025-01-07 01:33:40,192.168.0.184,Success
